<?xml version="1.0" encoding="UTF-8"?>
<beans xmlns="http://www.springframework.org/schema/beans"
       xmlns:xsi="http://www.w3.org/2001/XMLSchema-instance"
       xmlns:context="http://www.springframework.org/schema/context"
       xsi:schemaLocation="http://www.springframework.org/schema/beans http://www.springframework.org/schema/beans/spring-beans-3.0.xsd
	http://www.springframework.org/schema/context http://www.springframework.org/schema/context/spring-context-3.0.xsd">


    <context:property-placeholder ignore-resource-not-found="true" ignore-unresolvable="true"
                                  location="classpath*:META-INF/spring/freya.properties, classpath*:META-INF/spring/anatomy.properties"/>


    <context:component-scan base-package="org.freya"/>
    <context:spring-configured/>
    <context:annotation-config/>
  <bean id="dbpediaRepository" class="org.freya.rdf.SesameRepositoryManager">
    <property name="repositoryURL" value="http://dbpedia.org/sparql"/>
    <property name="repositoryId" value=""/>
  </bean>

</beans>
