{"Key:mississippihttp://www.mooney.net/geo#State":[{"id":1,"identifier":{"resourceName":"mississippi","anonymousResource":false,"nameSpace":"http://www.mooney.net/geo#"},"function":null,"score":0.0},{"id":2,"identifier":{"resourceName":"mississippi2","anonymousResource":false,"nameSpace":"http://www.mooney.net/geo#"},"function":null,"score":0.0}],"Key:arkansashttp://www.mooney.net/geo#River":[{"id":7,"identifier":{"resourceName":"arkansas","anonymousResource":false,"nameSpace":"http://www.mooney.net/geo#"},"function":null,"score":0.0},{"id":8,"identifier":{"resourceName":"arkansas2","anonymousResource":false,"nameSpace":"http://www.mooney.net/geo#"},"function":null,"score":0.0}],"Key:mississippiNONENEIGHBOURINGONTOLOGYELEMENT":[{"id":3,"identifier":{"resourceName":"mississippi","anonymousResource":false,"nameSpace":"http://www.mooney.net/geo#"},"function":null,"score":0.0},{"id":4,"identifier":{"resourceName":"mississippi2","anonymousResource":false,"nameSpace":"http://www.mooney.net/geo#"},"function":null,"score":0.0}],"Key:delaware riverNONENEIGHBOURINGONTOLOGYELEMENT":[{"id":1,"identifier":{"resourceName":"delawareRiverPa","anonymousResource":false,"nameSpace":"http://www.mooney.net/geo#"},"function":null,"score":0.0},{"id":2,"identifier":{"resourceName":"delaware2","anonymousResource":false,"nameSpace":"http://www.mooney.net/geo#"},"function":null,"score":0.0}],"Key:mississippihttp://www.mooney.net/geo#River":[{"id":5,"identifier":{"resourceName":"mississippi","anonymousResource":false,"nameSpace":"http://www.mooney.net/geo#"},"function":null,"score":0.0},{"id":6,"identifier":{"resourceName":"mississippi2","anonymousResource":false,"nameSpace":"http://www.mooney.net/geo#"},"function":null,"score":0.0}]}